<?xml version="1.0" ?>
<LOG_ROOT>
	<PROJECT NAME="lab5">
		<CBX_INST_ENTRY INSTANCE_NAME="|main|lpm_constant1:inst17|lpm_constant:lpm_constant_component" CBX_FILE_NAME="lpm_constant_5e6.tdf"/>
		<CBX_INST_ENTRY INSTANCE_NAME="|main|lpm_constant2:inst25|lpm_constant:lpm_constant_component" CBX_FILE_NAME="lpm_constant_6e6.tdf"/>
		<CBX_INST_ENTRY INSTANCE_NAME="|main|lpm_constant3:inst26|lpm_constant:lpm_constant_component" CBX_FILE_NAME="lpm_constant_7e6.tdf"/>
		<CBX_INST_ENTRY INSTANCE_NAME="|main|lpm_constant4:inst27|lpm_constant:lpm_constant_component" CBX_FILE_NAME="lpm_constant_8e6.tdf"/>
		<CBX_INST_ENTRY INSTANCE_NAME="|main|lpm_constant5:inst28|lpm_constant:lpm_constant_component" CBX_FILE_NAME="lpm_constant_9e6.tdf"/>
		<CBX_INST_ENTRY INSTANCE_NAME="|main|lpm_constant6:inst29|lpm_constant:lpm_constant_component" CBX_FILE_NAME="lpm_constant_ae6.tdf"/>
		<CBX_INST_ENTRY INSTANCE_NAME="|main|lpm_constant7:inst30|lpm_constant:lpm_constant_component" CBX_FILE_NAME="lpm_constant_be6.tdf"/>
		<CBX_INST_ENTRY INSTANCE_NAME="|main|lpm_constant8:inst31|lpm_constant:lpm_constant_component" CBX_FILE_NAME="lpm_constant_ce6.tdf"/>
	</PROJECT>
</LOG_ROOT>
